3833491,https://player.vimeo.com/external/394718464.hd.mp4?s=3100dea07df02da2de9022abb1168c44081e0842&profile_id=175&oauth2_token_id=57447761,9,calm video copyright free,True
5644053,https://player.vimeo.com/external/469921725.hd.mp4?s=76145fd705b952e8e5048dfdf95bf1313965b5d1&profile_id=171&oauth2_token_id=57447761,57,calm video copyright free,False
5642529,https://player.vimeo.com/external/469844512.hd.mp4?s=a7b4998f4313d888ffd7b8c41719ea0916455a35&profile_id=175&oauth2_token_id=57447761,20,calm video copyright free,False
4884244,https://player.vimeo.com/external/439043656.hd.mp4?s=72ac00b4028ab108bf9afe7a2e9ce6ddec678f85&profile_id=172&oauth2_token_id=57447761,13,calm video copyright free,False
7513671,https://player.vimeo.com/external/537042948.hd.mp4?s=84d66abc43ed2b268c0c1023e4ce8db368a86c8a&profile_id=172&oauth2_token_id=57447761,19,calm video copyright free,False
5197762,https://player.vimeo.com/external/451758277.hd.mp4?s=80c714688123300922fcc99042736449864a6cb0&profile_id=172&oauth2_token_id=57447761,51,calm video copyright free,False
6520300,https://player.vimeo.com/external/501364750.hd.mp4?s=fb35810df1e9f4ec1b3d57c81dc5815c2ce10daf&profile_id=172&oauth2_token_id=57447761,8,calm video copyright free,True
5490419,https://player.vimeo.com/external/463731166.hd.mp4?s=cb9945f47cb2aecc11385203d9cd03c5432d328e&profile_id=175&oauth2_token_id=57447761,50,calm video copyright free,False
5968890,https://player.vimeo.com/external/482693532.hd.mp4?s=3de9e9e7ba0733fb22df9af70c22cf6121d25fb7&profile_id=172&oauth2_token_id=57447761,9,calm video copyright free,False
5602729,https://player.vimeo.com/external/468210793.hd.mp4?s=ea7750ac6ef7467f989eb93b34dc7572c8ca9d12&profile_id=175&oauth2_token_id=57447761,13,calm video copyright free,False
5643530,https://player.vimeo.com/external/469893659.hd.mp4?s=32659f3a5d555823f61d42fe77c06f87a2b1d893&profile_id=171&oauth2_token_id=57447761,74,calm video copyright free,False
5198042,https://player.vimeo.com/external/451772603.hd.mp4?s=d499a016486ac093967779b6bd10261f19b59af5&profile_id=172&oauth2_token_id=57447761,12,calm video copyright free,False
5823521,https://player.vimeo.com/external/476735117.hd.mp4?s=bc8191fabd00f13e3be18988f4bc40e498711d4f&profile_id=169&oauth2_token_id=57447761,49,calm video copyright free,False
6952660,https://player.vimeo.com/external/516660828.hd.mp4?s=bb0f556343e2787ef517273a2ee45fbff4775d98&profile_id=172&oauth2_token_id=57447761,11,calm video copyright free,False
5619568,https://player.vimeo.com/external/469072098.hd.mp4?s=6bba1b1234311de6b642339a9f8d6a33f07199c0&profile_id=172&oauth2_token_id=57447761,10,calm video copyright free,False
4884242,https://player.vimeo.com/external/439043642.hd.mp4?s=ca110d687b2d4646ede19bc1b4155f372ff2e019&profile_id=172&oauth2_token_id=57447761,13,calm video copyright free,False
5197053,https://player.vimeo.com/external/451733714.hd.mp4?s=8957a9c92244158bcacac2e454f357cba11eca49&profile_id=172&oauth2_token_id=57447761,9,calm video copyright free,False
6201815,https://player.vimeo.com/external/491526348.hd.mp4?s=74c2ca50acf756727f22b2dcd292c052d0a903e2&profile_id=175&oauth2_token_id=57447761,12,calm video copyright free,True
5348515,https://player.vimeo.com/external/457394601.hd.mp4?s=faca7175eee571f73f0cb247717bee683aa6450b&profile_id=175&oauth2_token_id=57447761,16,calm video copyright free,True
4884243,https://player.vimeo.com/external/439043538.hd.mp4?s=13c450195afa9e6a56f502f62162c76763c2025d&profile_id=172&oauth2_token_id=57447761,12,calm video copyright free,False
8232438,https://player.vimeo.com/external/559580269.hd.mp4?s=a932392d15de2e2ee6307ebb4ffa407fc2228bb6&profile_id=172&oauth2_token_id=57447761,38,calm video copyright free,False
4791166,https://player.vimeo.com/external/435134518.hd.mp4?s=da45098046ad5796ecee4c6a316632f5a3f80102&profile_id=172&oauth2_token_id=57447761,33,calm video copyright free,False
5607843,https://player.vimeo.com/external/468462459.hd.mp4?s=4ae35e96fb27bb8825efa876c888944031885754&profile_id=172&oauth2_token_id=57447761,11,calm video copyright free,False
6446255,https://player.vimeo.com/external/498643739.hd.mp4?s=b4492a80fa5decb0a972512cfb2e223a5452604b&profile_id=175&oauth2_token_id=57447761,12,calm video copyright free,False
6955407,https://player.vimeo.com/external/516770657.hd.mp4?s=18faaff40d9e92114a28b6993f79204b44d5a9b9&profile_id=175&oauth2_token_id=57447761,13,calm video copyright free,False
5619024,https://player.vimeo.com/external/469034755.hd.mp4?s=f880c6747c1d6d891e0c89d8474142c43ffb1bfe&profile_id=175&oauth2_token_id=57447761,8,calm video copyright free,False
4916813,https://player.vimeo.com/external/440214116.hd.mp4?s=33676a013ceec6662b52706ed4cba22f6aa350c9&profile_id=169&oauth2_token_id=57447761,16,calm video copyright free,False
5066975,https://player.vimeo.com/external/446181080.hd.mp4?s=6fd6be3b16507d5d852aab52c4fa894096e6a17d&profile_id=175&oauth2_token_id=57447761,10,calm video copyright free,True
7010004,https://player.vimeo.com/external/518453347.hd.mp4?s=d5a61843fc10866bfc0c7553c959f031f757895a&profile_id=175&oauth2_token_id=57447761,14,calm video copyright free,False
3230808,https://player.vimeo.com/external/373543833.hd.mp4?s=c120d809d4ad1510de5fe090174e5f0b89936795&profile_id=175&oauth2_token_id=57447761,59,calm video copyright free,False
5292675,https://player.vimeo.com/external/455269349.hd.mp4?s=aa6024d1e53e70b449363025d0b8ac51f5934564&profile_id=174&oauth2_token_id=57447761,14,calm video copyright free,False
5253713,https://player.vimeo.com/external/453941219.hd.mp4?s=f3b58038e4a36a70d3c564bf3156b55de1b80dd2&profile_id=175&oauth2_token_id=57447761,10,calm video copyright free,False
6448181,https://player.vimeo.com/external/498679396.hd.mp4?s=d23a18e9d51984def924c9943c5a906d26b3c54b&profile_id=175&oauth2_token_id=57447761,14,calm video copyright free,False
5353259,https://player.vimeo.com/external/457550432.hd.mp4?s=84c18da872c0fa1116397236bb7636553ad8f9b1&profile_id=175&oauth2_token_id=57447761,8,calm video copyright free,False
5278931,https://player.vimeo.com/external/454957452.hd.mp4?s=290e6f3f4c133c55e094a28708e8cdf331c714df&profile_id=175&oauth2_token_id=57447761,17,calm video copyright free,False
5066798,https://player.vimeo.com/external/446177459.hd.mp4?s=87284ddbd281423d5a5d64318161901efe632890&profile_id=175&oauth2_token_id=57447761,13,calm video copyright free,False
5487546,https://player.vimeo.com/external/463567339.hd.mp4?s=534f2718331fec5a235585124f11cd44bf231b5c&profile_id=175&oauth2_token_id=57447761,6,calm video copyright free,True
4942181,https://player.vimeo.com/external/441265011.hd.mp4?s=23e49a2cb9953cfb3e01bfe55a0c8bf671776d8b&profile_id=175&oauth2_token_id=57447761,7,calm video copyright free,True
6586281,https://player.vimeo.com/external/504065285.hd.mp4?s=a6b3bc2f15d03bf715b7328dd1da67096e7e6cfe&profile_id=172&oauth2_token_id=57447761,15,calm video copyright free,False
7117433,https://player.vimeo.com/external/522699963.hd.mp4?s=4b038dbe90a9d94a1d184744c5bbffb8d2cbedb4&profile_id=172&oauth2_token_id=57447761,29,calm video copyright free,False
8231710,https://player.vimeo.com/external/559573237.hd.mp4?s=5c13e42723221e551de8c28ebde1c5b56a20fb89&profile_id=172&oauth2_token_id=57447761,58,calm video copyright free,False
6353210,https://player.vimeo.com/external/496051817.hd.mp4?s=29d0f96b4f43fbe2cc19978b8f53ad1a97fec76f&profile_id=169&oauth2_token_id=57447761,18,calm video copyright free,False
6892693,https://player.vimeo.com/external/514576145.hd.mp4?s=1a53210077c3e667b9277f5202607f3010f21fc3&profile_id=172&oauth2_token_id=57447761,10,calm video copyright free,False
4374512,https://player.vimeo.com/external/417086766.hd.mp4?s=73001b8fc52ee3bef506858c16169e67cc3a98bc&profile_id=175&oauth2_token_id=57447761,15,calm video copyright free,False
5951411,https://player.vimeo.com/external/482102880.hd.mp4?s=18cbc02d23d871d96a342c66f8d35a2d79fce422&profile_id=172&oauth2_token_id=57447761,14,calm video copyright free,False
5201403,https://player.vimeo.com/external/451928865.hd.mp4?s=2a8a119f398577d8013a3cbccd3130857ef71605&profile_id=175&oauth2_token_id=57447761,9,calm video copyright free,True
9946641,https://player.vimeo.com/external/635683811.hd.mp4?s=e58a7a29dea90a0139bd1a94758dcc0a9c9a4c7d&profile_id=175&oauth2_token_id=57447761,19,calm video copyright free,True
5271945,https://player.vimeo.com/external/454669949.hd.mp4?s=8c6a544696a52f68c9bbd4312dbb543e52c1c759&profile_id=175&oauth2_token_id=57447761,37,calm video copyright free,False
5201403,https://player.vimeo.com/external/451928865.hd.mp4?s=2a8a119f398577d8013a3cbccd3130857ef71605&profile_id=175&oauth2_token_id=57447761,9,calm beach video copyright free,True
9946641,https://player.vimeo.com/external/635683811.hd.mp4?s=e58a7a29dea90a0139bd1a94758dcc0a9c9a4c7d&profile_id=175&oauth2_token_id=57447761,19,calm beach video copyright free,True
6550972,https://player.vimeo.com/external/502545915.hd.mp4?s=c66e56b8030a93811a55b34ebb0d4e6372bd7039&profile_id=175&oauth2_token_id=57447761,9,calm beach video copyright free,True
3833491,https://player.vimeo.com/external/394718464.hd.mp4?s=3100dea07df02da2de9022abb1168c44081e0842&profile_id=175&oauth2_token_id=57447761,9,calm beach video copyright free,True
6520300,https://player.vimeo.com/external/501364750.hd.mp4?s=fb35810df1e9f4ec1b3d57c81dc5815c2ce10daf&profile_id=172&oauth2_token_id=57447761,8,calm beach video copyright free,True
6201815,https://player.vimeo.com/external/491526348.hd.mp4?s=74c2ca50acf756727f22b2dcd292c052d0a903e2&profile_id=175&oauth2_token_id=57447761,12,calm beach video copyright free,True
5348515,https://player.vimeo.com/external/457394601.hd.mp4?s=faca7175eee571f73f0cb247717bee683aa6450b&profile_id=175&oauth2_token_id=57447761,16,calm beach video copyright free,True
5066975,https://player.vimeo.com/external/446181080.hd.mp4?s=6fd6be3b16507d5d852aab52c4fa894096e6a17d&profile_id=175&oauth2_token_id=57447761,10,calm beach video copyright free,True
5690133,https://player.vimeo.com/external/471856883.hd.mp4?s=9e9846a5be36245f66d4846981db8f9431c3d21e&profile_id=175&oauth2_token_id=57447761,13,calm beach video copyright free,True
5487546,https://player.vimeo.com/external/463567339.hd.mp4?s=534f2718331fec5a235585124f11cd44bf231b5c&profile_id=175&oauth2_token_id=57447761,6,calm beach video copyright free,True
4942181,https://player.vimeo.com/external/441265011.hd.mp4?s=23e49a2cb9953cfb3e01bfe55a0c8bf671776d8b&profile_id=175&oauth2_token_id=57447761,7,calm beach video copyright free,True
5411368,https://player.vimeo.com/external/460291389.hd.mp4?s=11f26dbe56ec6afb6ac3e2ab3859a17b042deec1&profile_id=170&oauth2_token_id=57447761,11,calm beach video copyright free,False
6744479,https://player.vimeo.com/external/509428097.hd.mp4?s=d9bc29fead0e41d380079954d517f2e340a2c7cc&profile_id=175&oauth2_token_id=57447761,18,calm beach video copyright free,False
5596723,https://player.vimeo.com/external/467914040.hd.mp4?s=265724af4707a9f725205856b9d7d573a5d62f18&profile_id=169&oauth2_token_id=57447761,28,calm beach video copyright free,False
5607624,https://player.vimeo.com/external/468453277.hd.mp4?s=6ce4b4b2624904f38194eeffd9470ff36b0ad54c&profile_id=172&oauth2_token_id=57447761,10,calm beach video copyright free,False
5646564,https://player.vimeo.com/external/470045917.hd.mp4?s=f786cf1548b9079281c06a10f1a2f68de6b98e02&profile_id=175&oauth2_token_id=57447761,70,calm beach video copyright free,False
8959184,https://player.vimeo.com/external/580294245.hd.mp4?s=41e56218b87a200aab6e9c189a1920f195f87933&profile_id=175&oauth2_token_id=57447761,20,calm beach video copyright free,False
8959109,https://player.vimeo.com/external/580292717.hd.mp4?s=bce71713891eafd8df54cb867f35e1a61d1f3aa4&profile_id=175&oauth2_token_id=57447761,22,calm beach video copyright free,False
5280177,https://player.vimeo.com/external/454998251.hd.mp4?s=6cf73504e16ed69ba22faafdbcb1bc58bc1de435&profile_id=175&oauth2_token_id=57447761,15,calm beach video copyright free,False
4916313,https://player.vimeo.com/external/440208501.hd.mp4?s=c4d546c59e17c95456fbfbb9acbb8fcf7709755b&profile_id=172&oauth2_token_id=57447761,44,calm beach video copyright free,False
5076792,https://player.vimeo.com/external/446474708.hd.mp4?s=f856b0e1fe40f39d73b92b01a249597f229892a6&profile_id=175&oauth2_token_id=57447761,8,calm beach video copyright free,False
8959112,https://player.vimeo.com/external/580292738.hd.mp4?s=a1c115052aabe21998122df6ef94f61ff55bee43&profile_id=175&oauth2_token_id=57447761,12,calm beach video copyright free,False
4621812,https://player.vimeo.com/external/428063412.hd.mp4?s=3b5f464122f97827cacb1bd9fe129195174e7e78&profile_id=172&oauth2_token_id=57447761,17,calm beach video copyright free,False
5992351,https://player.vimeo.com/external/483927946.hd.mp4?s=e69dd69ed632530de6e8b415053a70825316030b&profile_id=175&oauth2_token_id=57447761,31,calm beach video copyright free,False
6646997,https://player.vimeo.com/external/506443000.hd.mp4?s=02799ae6b5862cbabf35dd90469035e79af44d37&profile_id=175&oauth2_token_id=57447761,41,calm beach video copyright free,False
5280082,https://player.vimeo.com/external/454996542.hd.mp4?s=cc27790e708798c03123206ed42f01afda00bdc8&profile_id=175&oauth2_token_id=57447761,27,calm beach video copyright free,False
5826915,https://player.vimeo.com/external/476807510.hd.mp4?s=bdf6ea652b7ecbd8d09ea12820f333d3ae4a444a&profile_id=172&oauth2_token_id=57447761,22,calm beach video copyright free,False
4573144,https://player.vimeo.com/external/426466170.hd.mp4?s=d26ef1995a38bb1bcbd63d40102377b461da0c1f&profile_id=173&oauth2_token_id=57447761,13,calm beach video copyright free,False
6272704,https://player.vimeo.com/external/494121750.hd.mp4?s=be6658d33ac799ba558353f4beb562c2f0fb929c&profile_id=172&oauth2_token_id=57447761,33,calm beach video copyright free,False
5334770,https://player.vimeo.com/external/456823005.hd.mp4?s=2e5e8affa68e14f62442579dbf3feb299fa3a261&profile_id=175&oauth2_token_id=57447761,26,calm beach video copyright free,False
5280320,https://player.vimeo.com/external/455000393.hd.mp4?s=704c81124200456f890e0abbf76ea2ab4d5db2d0&profile_id=175&oauth2_token_id=57447761,5,calm beach video copyright free,False
4621811,https://player.vimeo.com/external/428063370.hd.mp4?s=05c1a16204aad1da039575e90ab7c33a25e2708d&profile_id=172&oauth2_token_id=57447761,16,calm beach video copyright free,False
8959108,https://player.vimeo.com/external/580292554.hd.mp4?s=158fd77b20446ff99ae847e995c2ee4e836bb4e9&profile_id=175&oauth2_token_id=57447761,19,calm beach video copyright free,False
7940611,https://player.vimeo.com/external/551883455.hd.mp4?s=5792fbfb4b4396ee009590a69afcd0561eaf71aa&profile_id=169&oauth2_token_id=57447761,8,calm beach video copyright free,False
12657685,https://player.vimeo.com/progressive_redirect/playback/725617062/rendition/1080p/file.mp4?loc=external&oauth2_token_id=57447761&signature=3c4c3d1e031c2a9bf4de97f1d4b3231a089d3121afff7c56febc44998f144630,26,calm beach video copyright free,False
7642428,https://player.vimeo.com/external/541270216.hd.mp4?s=12f05c5dfec1300d640f54485ef08d154c7dabf0&profile_id=170&oauth2_token_id=57447761,9,calm beach video copyright free,False
14606894,https://player.vimeo.com/progressive_redirect/playback/776704765/rendition/720p/file.mp4?loc=external&oauth2_token_id=57447761&signature=5a8891ccd6998d85c2a223daff8fa24bdfd3e528ca1d141ecf74f92ac412eebb,59,calm beach video copyright free,False
9112862,https://player.vimeo.com/external/584614028.hd.mp4?s=fe7b858994e47b9126fcfff402b8b12566af45a2&profile_id=175&oauth2_token_id=57447761,6,calm beach video copyright free,False
9779611,https://player.vimeo.com/external/622015029.hd.mp4?s=132599f81c5d25558bf7d9f422e13451c441e14e&profile_id=175&oauth2_token_id=57447761,8,calm beach video copyright free,False
5661229,https://player.vimeo.com/external/470696391.hd.mp4?s=22854c1d18ebaa2f570e78aaf23830aaf07021e4&profile_id=175&oauth2_token_id=57447761,9,calm beach video copyright free,False
12894051,https://player.vimeo.com/progressive_redirect/playback/731246415/rendition/1080p/file.mp4?loc=external&oauth2_token_id=57447761&signature=feeca9d5758585e709c56c12cdd873e1c8ddc2dc051e5c1e0dc7c6745b2f6230,16,calm beach video copyright free,False
7642383,https://player.vimeo.com/external/541270073.hd.mp4?s=e9673603b20c67c0e1a981392929f750c22b8021&profile_id=172&oauth2_token_id=57447761,17,calm beach video copyright free,False
4605081,https://player.vimeo.com/external/427333463.hd.mp4?s=06ce1c3a72d95c71c88e33fd4ff6be47a4fbff8e&profile_id=175&oauth2_token_id=57447761,10,calm beach video copyright free,False
15613729,https://player.vimeo.com/progressive_redirect/playback/800131582/rendition/720p/file.mp4?loc=external&oauth2_token_id=57447761&signature=59f5a5a0a15fdf76c0d774799ecc4777657c71a9a1ce6286508dcee4fdd880b7,14,calm beach video copyright free,False
2231485,https://player.vimeo.com/external/332588783.hd.mp4?s=b2ef707298773aa9fcd7347cf170509533a86f5e&profile_id=172&oauth2_token_id=57447761,9,calm beach video copyright free,False
4328789,https://player.vimeo.com/external/415290650.hd.mp4?s=2babe88893bc865db314023e46338f7446403c1a&profile_id=172&oauth2_token_id=57447761,14,calm beach video copyright free,False
857045,https://player.vimeo.com/external/207276302.hd.mp4?s=78cbf9f897a69a8f019b718091ed06234997922b&profile_id=119&oauth2_token_id=57447761,14,calm beach video copyright free,False
5383507,https://player.vimeo.com/external/459254155.hd.mp4?s=52df08be4d4a1b10bbc7ad828cc03df3c60725c7&profile_id=175&oauth2_token_id=57447761,11,calm beach video copyright free,False
7539472,https://player.vimeo.com/external/538027903.hd.mp4?s=4ae11419af5adc0466eee557cd160019324aa136&profile_id=172&oauth2_token_id=57447761,11,calm beach video copyright free,False
5271945,https://player.vimeo.com/external/454669949.hd.mp4?s=8c6a544696a52f68c9bbd4312dbb543e52c1c759&profile_id=175&oauth2_token_id=57447761,37,calm beach video copyright free,False
4875313,https://player.vimeo.com/external/438551129.hd.mp4?s=7fe142c44dba0cf173860b497b857c3fdb4a17fa&profile_id=172&oauth2_token_id=57447761,6,calm beach video copyright free,False
6134616,https://player.vimeo.com/external/488705633.hd.mp4?s=a0aa8bd08b63143f9d456e6ddd1c557a2764771b&profile_id=175&oauth2_token_id=57447761,34,calm beach video copyright free,False
7540240,https://player.vimeo.com/external/538035077.hd.mp4?s=3a82f565977448c6e0c86a867145560b3c173afc&profile_id=172&oauth2_token_id=57447761,17,calm beach video copyright free,False
5271930,https://player.vimeo.com/external/454668835.hd.mp4?s=413cc00b70834b1dcfac24dae2933a653dc5d9d6&profile_id=175&oauth2_token_id=57447761,35,calm beach video copyright free,False
11025406,https://player.vimeo.com/progressive_redirect/playback/671832717/rendition/2160p/2160p.mp4?loc=external&oauth2_token_id=57447761&signature=fb5e8129a6dcaca6fe9e0f72759fc274ff1d84155c71ef706ea3ac274606e4bd,19,calm beach video copyright free,False
3692634,https://player.vimeo.com/external/389695713.hd.mp4?s=a2b767f000399a86546c5b62ca09cac2636f889d&profile_id=175&oauth2_token_id=57447761,17,calm beach video copyright free,False
5419256,https://player.vimeo.com/external/460621205.hd.mp4?s=bf755c6a1edabd2d733530cf66e342ad1f784931&profile_id=173&oauth2_token_id=57447761,65,calm beach video copyright free,False
4782485,https://player.vimeo.com/external/434854822.hd.mp4?s=e2926b9d30b465f4c45d85af368327d4c313bc15&profile_id=172&oauth2_token_id=57447761,5,calm beach video copyright free,False
4462348,https://player.vimeo.com/external/421825972.hd.mp4?s=aa82a73484bc37a94b957c3854e7e929f56cb784&profile_id=175&oauth2_token_id=57447761,15,calm beach video copyright free,False
4328786,https://player.vimeo.com/external/415289689.hd.mp4?s=564da77c9e3984201123e0726af9664bab150836&profile_id=172&oauth2_token_id=57447761,6,calm beach video copyright free,False
4887584,https://player.vimeo.com/external/439244742.hd.mp4?s=554a36eee80d06c625c2428e7ecaa1044ae0673c&profile_id=172&oauth2_token_id=57447761,15,calm beach video copyright free,False
4611827,https://player.vimeo.com/external/427649125.hd.mp4?s=c83b5ddc5a1f04da3e0c533e93437686eb14a35b&profile_id=172&oauth2_token_id=57447761,16,calm beach video copyright free,False
4328534,https://player.vimeo.com/external/415278025.hd.mp4?s=caca101e8e1365669ec4d6cd6a7684c9af520035&profile_id=172&oauth2_token_id=57447761,8,calm beach video copyright free,False
6859482,https://player.vimeo.com/external/513688814.hd.mp4?s=5e903993245aa179a3b80c66cac0058377ba6f1d&profile_id=175&oauth2_token_id=57447761,23,calm beach video copyright free,False
5271943,https://player.vimeo.com/external/454669952.hd.mp4?s=f1f074f058704622b898b8794676a8c3f4539daf&profile_id=175&oauth2_token_id=57447761,23,calm beach video copyright free,False
4328788,https://player.vimeo.com/external/415289705.hd.mp4?s=ff9856a5b0f98bf1c85901cf6804437381981323&profile_id=172&oauth2_token_id=57447761,15,calm beach video copyright free,False
5145980,https://player.vimeo.com/external/449561363.hd.mp4?s=31b882d1d445f9525166ec1e8e7f30da12b47aa6&profile_id=175&oauth2_token_id=57447761,26,calm beach video copyright free,False
5566635,https://player.vimeo.com/external/466820224.hd.mp4?s=854e43d8ee615230a635eb258ae3699251f363c3&profile_id=175&oauth2_token_id=57447761,7,calm beach video copyright free,False
4072331,https://player.vimeo.com/external/403969999.hd.mp4?s=b6e2c7d34d5417ff4a3be2df97e78ba20a91d19f&profile_id=175&oauth2_token_id=57447761,9,calm beach video copyright free,False
4782223,https://player.vimeo.com/external/434851111.hd.mp4?s=2d88440e82c65d9b9728a922f63bcc7c8460556f&profile_id=172&oauth2_token_id=57447761,8,calm beach video copyright free,False
3093861,https://player.vimeo.com/external/366974782.hd.mp4?s=e507a4bc709fa2b3817f1670241d9637017c0a4f&profile_id=172&oauth2_token_id=57447761,18,calm beach video copyright free,False
4782414,https://player.vimeo.com/external/434854024.hd.mp4?s=ff6372d47368a7843e75d8f9d54922b795979269&profile_id=172&oauth2_token_id=57447761,28,calm beach video copyright free,False
4970460,https://player.vimeo.com/external/442255066.hd.mp4?s=dd4b52d353b9aac985e3963a1bb5cae2784bb7de&profile_id=175&oauth2_token_id=57447761,5,calm beach video copyright free,False
8214991,https://player.vimeo.com/external/559231943.hd.mp4?s=180ae7aee57bff2ae187a43dcb1140dfbe4a52d8&profile_id=175&oauth2_token_id=57447761,15,calm beach video copyright free,False
2328779,https://player.vimeo.com/external/336748401.hd.mp4?s=5a35b1a5e72cf52d56de027048ab9e9a40737662&profile_id=172&oauth2_token_id=57447761,50,calm beach video copyright free,False
5279961,https://player.vimeo.com/external/454998907.hd.mp4?s=47bf36af5c6e144bc615b01b28476e8cfba4b487&profile_id=172&oauth2_token_id=57447761,38,calm beach video copyright free,False
6473353,https://player.vimeo.com/external/499503458.hd.mp4?s=5bf82d4d7d52897069bf64710f176516b7f8caf6&profile_id=172&oauth2_token_id=57447761,13,calm beach video copyright free,False
1673883,https://player.vimeo.com/external/305226297.hd.mp4?s=caa36eb56936030eb2ab216c710c54e6521ee195&profile_id=172&oauth2_token_id=57447761,8,calm beach video copyright free,False
4886467,https://player.vimeo.com/external/439187311.hd.mp4?s=db54a5758b89e6dfa6ede6c6acec11485193f896&profile_id=172&oauth2_token_id=57447761,15,calm beach video copyright free,False
5614746,https://player.vimeo.com/external/468854001.hd.mp4?s=45b9e725f61c2c004bbfa6c2f56c72cfe78ae747&profile_id=175&oauth2_token_id=57447761,8,calm beach video copyright free,False
5201403,https://player.vimeo.com/external/451928865.hd.mp4?s=2a8a119f398577d8013a3cbccd3130857ef71605&profile_id=175&oauth2_token_id=57447761,9,calm beach video copyright free,False
6550972,https://player.vimeo.com/external/502545915.hd.mp4?s=c66e56b8030a93811a55b34ebb0d4e6372bd7039&profile_id=175&oauth2_token_id=57447761,9,calm beach video copyright free,False
3833491,https://player.vimeo.com/external/394718464.hd.mp4?s=3100dea07df02da2de9022abb1168c44081e0842&profile_id=175&oauth2_token_id=57447761,9,calm beach video copyright free,False
6520300,https://player.vimeo.com/external/501364750.hd.mp4?s=fb35810df1e9f4ec1b3d57c81dc5815c2ce10daf&profile_id=172&oauth2_token_id=57447761,8,calm beach video copyright free,False
6201815,https://player.vimeo.com/external/491526348.hd.mp4?s=74c2ca50acf756727f22b2dcd292c052d0a903e2&profile_id=175&oauth2_token_id=57447761,12,calm beach video copyright free,False
9946641,https://player.vimeo.com/external/635683811.hd.mp4?s=e58a7a29dea90a0139bd1a94758dcc0a9c9a4c7d&profile_id=175&oauth2_token_id=57447761,19,ice spice video copyright free,True
3692634,https://player.vimeo.com/external/389695713.hd.mp4?s=a2b767f000399a86546c5b62ca09cac2636f889d&profile_id=175&oauth2_token_id=57447761,17,ice spice video copyright free,False
3564297,https://player.vimeo.com/external/384418017.hd.mp4?s=15a8fe8800ea0c784a7a9a3c445c35830c0c06b6&profile_id=172&oauth2_token_id=57447761,4,ice spice video copyright free,False
1326864,https://player.vimeo.com/external/285058932.hd.mp4?s=24a0bbf1651f0761e16a83669b68910c97d75f03&profile_id=175&oauth2_token_id=57447761,12,ice spice video copyright free,False
3564300,https://player.vimeo.com/external/384418685.hd.mp4?s=67c7a28a622a3753ca022db77f71f7d645bb1fd6&profile_id=172&oauth2_token_id=57447761,9,ice spice video copyright free,False
3692633,https://player.vimeo.com/external/389695728.hd.mp4?s=5e0b6fa5d342976c8d09669573ff1bdabf3a3b4f&profile_id=175&oauth2_token_id=57447761,26,ice spice video copyright free,False
3629519,https://player.vimeo.com/external/387242934.hd.mp4?s=ee41c1ad0133b85e767ea3dc341efe15060df229&profile_id=175&oauth2_token_id=57447761,37,ice spice video copyright free,False
3649789,https://player.vimeo.com/external/388189956.hd.mp4?s=2ddcd330378a2fd2dd396b8487ba1d1aba778c16&profile_id=175&oauth2_token_id=57447761,30,ice spice video copyright free,False
3649788,https://player.vimeo.com/external/388189958.hd.mp4?s=e90594c075d38a34afe1f76717eaf4ab39f0acd9&profile_id=175&oauth2_token_id=57447761,32,ice spice video copyright free,False
3649792,https://player.vimeo.com/external/388190046.hd.mp4?s=76a40a2c03339bf3e06587a91fe94386c6493cbd&profile_id=175&oauth2_token_id=57447761,58,ice spice video copyright free,False
3649793,https://player.vimeo.com/external/388190119.hd.mp4?s=9cd27369f7eff233ba994de0afc33d162071a212&profile_id=175&oauth2_token_id=57447761,86,ice spice video copyright free,False
5000087,https://player.vimeo.com/external/443713898.hd.mp4?s=976d7f5ff384f7d8c53eda47ecf3cb4e67074d00&profile_id=175&oauth2_token_id=57447761,19,ice spice video copyright free,False
14044793,https://player.vimeo.com/progressive_redirect/playback/760653542/rendition/720p/file.mp4?loc=external&oauth2_token_id=57447761&signature=db0b52aae3ce9cd2f84563262dfbce496e90735206917536f7e50a131732c384,40,ice spice video copyright free,False
3736080,https://player.vimeo.com/external/391485168.hd.mp4?s=fb3425506ae0d222fa9827c89d055eac3d346f62&profile_id=175&oauth2_token_id=57447761,17,ice spice video copyright free,False
3833491,https://player.vimeo.com/external/394718464.hd.mp4?s=3100dea07df02da2de9022abb1168c44081e0842&profile_id=175&oauth2_token_id=57447761,9,ice spice video copyright free,False
3214448,https://player.vimeo.com/external/372567192.hd.mp4?s=c186273e04cc5015efecd863d8256eb99bc034fd&profile_id=172&oauth2_token_id=57447761,60,ice spice video copyright free,False
5642529,https://player.vimeo.com/external/469844512.hd.mp4?s=a7b4998f4313d888ffd7b8c41719ea0916455a35&profile_id=175&oauth2_token_id=57447761,20,ice spice video copyright free,False
4884244,https://player.vimeo.com/external/439043656.hd.mp4?s=72ac00b4028ab108bf9afe7a2e9ce6ddec678f85&profile_id=172&oauth2_token_id=57447761,13,ice spice video copyright free,False
5490419,https://player.vimeo.com/external/463731166.hd.mp4?s=cb9945f47cb2aecc11385203d9cd03c5432d328e&profile_id=175&oauth2_token_id=57447761,50,ice spice video copyright free,False
2871918,https://player.vimeo.com/external/357054544.hd.mp4?s=f80c400b72869099f01a71c85d0422794c601524&profile_id=175&oauth2_token_id=57447761,24,ice spice video copyright free,False
2871916,https://player.vimeo.com/external/357054396.hd.mp4?s=ef459c68bb21079455e64f06719442b345462862&profile_id=175&oauth2_token_id=57447761,17,ice spice video copyright free,False
6650309,https://player.vimeo.com/external/506490312.hd.mp4?s=fe795a90633749d061e81de22c1992431d5acf71&profile_id=172&oauth2_token_id=57447761,13,ice spice video copyright free,False
7592053,https://player.vimeo.com/external/539538070.hd.mp4?s=dcc5b75a225e3d79c3061dc6df06153be1ebf015&profile_id=172&oauth2_token_id=57447761,25,ice spice video copyright free,False
4884242,https://player.vimeo.com/external/439043642.hd.mp4?s=ca110d687b2d4646ede19bc1b4155f372ff2e019&profile_id=172&oauth2_token_id=57447761,13,ice spice video copyright free,False
7592810,https://player.vimeo.com/external/539554529.hd.mp4?s=b9923671a8834b5f905d4c72b9f3ab71bc4b41f2&profile_id=172&oauth2_token_id=57447761,20,ice spice video copyright free,False
4884243,https://player.vimeo.com/external/439043538.hd.mp4?s=13c450195afa9e6a56f502f62162c76763c2025d&profile_id=172&oauth2_token_id=57447761,12,ice spice video copyright free,False
3958714,https://player.vimeo.com/external/398491096.hd.mp4?s=e67e94870a826dbb64fe8c9fec8da49111e034ea&profile_id=175&oauth2_token_id=57447761,10,ice spice video copyright free,False
5201403,https://player.vimeo.com/external/451928865.hd.mp4?s=2a8a119f398577d8013a3cbccd3130857ef71605&profile_id=175&oauth2_token_id=57447761,9,ice spice video copyright free,False
6503161,https://player.vimeo.com/external/500788394.hd.mp4?s=cf6beb550317b4fd4e51646fe5cadaf210746c71&profile_id=175&oauth2_token_id=57447761,42,ice spice video copyright free,False
6503163,https://player.vimeo.com/external/500788188.hd.mp4?s=ee9fa9dc08ef08964481d445e6ea923890c7f3be&profile_id=175&oauth2_token_id=57447761,20,ice spice video copyright free,False
8604822,https://player.vimeo.com/external/570736472.hd.mp4?s=e154fb90206c673f6907b165822ff1c06a48a27f&profile_id=175&oauth2_token_id=57447761,10,ice spice video copyright free,False
4434241,https://player.vimeo.com/external/420238993.hd.mp4?s=ae155160fe2b70911da4a5ed13c1fbb9855ec166&profile_id=175&oauth2_token_id=57447761,12,ice spice video copyright free,False
1454363,https://player.vimeo.com/external/292059243.hd.mp4?s=e3d45aa107df7c41b70b3ecfd2fa5d717f343fbd&profile_id=172&oauth2_token_id=57447761,15,ice spice video copyright free,False
4916813,https://player.vimeo.com/external/440214116.hd.mp4?s=33676a013ceec6662b52706ed4cba22f6aa350c9&profile_id=169&oauth2_token_id=57447761,16,ice spice video copyright free,False
7041996,https://player.vimeo.com/external/519644990.hd.mp4?s=99bea8cbc93a195072eab1eb3d8b60272c2117a4&profile_id=172&oauth2_token_id=57447761,14,ice spice video copyright free,False
6620814,https://player.vimeo.com/external/505388047.hd.mp4?s=0b037b60e2165913fa797883fee306e075cfed0b&profile_id=172&oauth2_token_id=57447761,22,ice spice video copyright free,False
8605845,https://player.vimeo.com/external/570758908.hd.mp4?s=271448ff0fd1cd127b34e0ef52caaa126ff2192c&profile_id=175&oauth2_token_id=57447761,13,ice spice video copyright free,False
4942181,https://player.vimeo.com/external/441265011.hd.mp4?s=23e49a2cb9953cfb3e01bfe55a0c8bf671776d8b&profile_id=175&oauth2_token_id=57447761,7,ice spice video copyright free,True
6507467,https://player.vimeo.com/external/500943269.hd.mp4?s=ae2093c1ed5b18861dd1408f2f8794fe9f95b34a&profile_id=175&oauth2_token_id=57447761,20,ice spice video copyright free,False
5230365,https://player.vimeo.com/external/453082473.hd.mp4?s=ab260d8025d2cefa0b8378bf49400b9a1d247487&profile_id=175&oauth2_token_id=57447761,9,ice spice video copyright free,False
6586281,https://player.vimeo.com/external/504065285.hd.mp4?s=a6b3bc2f15d03bf715b7328dd1da67096e7e6cfe&profile_id=172&oauth2_token_id=57447761,15,ice spice video copyright free,False
6507081,https://player.vimeo.com/external/500920068.hd.mp4?s=6ef9c46d70a3f684b0ba9e245c80001fbe13b655&profile_id=175&oauth2_token_id=57447761,16,ice spice video copyright free,False
6624891,https://player.vimeo.com/external/505557334.hd.mp4?s=51010c8bd18be46bf75033ab9839b52ab947e031&profile_id=173&oauth2_token_id=57447761,9,ice spice video copyright free,False
4434215,https://player.vimeo.com/external/420237184.hd.mp4?s=19008b79eb642de2f6688c5d9c66b943a606fdf9&profile_id=175&oauth2_token_id=57447761,16,ice spice video copyright free,False
5201749,https://player.vimeo.com/external/451943692.hd.mp4?s=831914cf9b54473fe0b192bc6ac06b76e9e6e23f&profile_id=172&oauth2_token_id=57447761,15,ice spice video copyright free,False
6824077,https://player.vimeo.com/external/512209430.hd.mp4?s=b65af1cd0d631c0814d2d7f88286670b71f2423c&profile_id=172&oauth2_token_id=57447761,9,ice spice video copyright free,False
4434219,https://player.vimeo.com/external/420237269.hd.mp4?s=4856796abe984f660d30e08985bcab869489d762&profile_id=175&oauth2_token_id=57447761,11,ice spice video copyright free,False
4835063,https://player.vimeo.com/external/436735203.hd.mp4?s=4b1de0e10f59175a010ea63c5dbcef8e4463d2b0&profile_id=172&oauth2_token_id=57447761,11,ice spice video copyright free,False
8676989,https://player.vimeo.com/external/572911467.hd.mp4?s=e25ea486ef79d790bac54cc6d816fcb4f5153d0e&profile_id=172&oauth2_token_id=57447761,12,ice spice video copyright free,False
6502993,https://player.vimeo.com/external/500779472.hd.mp4?s=e2b0d6a8d017dae260e13064234e8c8167780f35&profile_id=175&oauth2_token_id=57447761,18,ice spice video copyright free,False
4824121,https://player.vimeo.com/external/436222810.hd.mp4?s=d813ba87cc2c84f0cc595db4b83e0dbd5409f079&profile_id=172&oauth2_token_id=57447761,9,ice spice video copyright free,False
4884241,https://player.vimeo.com/external/439043317.hd.mp4?s=6b89937bfff425af31693bd3328939fb42caacde&profile_id=172&oauth2_token_id=57447761,12,ice spice video copyright free,False
2871925,https://player.vimeo.com/external/357054768.hd.mp4?s=d7e3f89354d0eec236ae99c5813b4e549fa931c0&profile_id=175&oauth2_token_id=57447761,24,ice spice video copyright free,False
6507497,https://player.vimeo.com/external/500944403.hd.mp4?s=2ef6b2e7edce610c135f580b3cb9d953a221fc46&profile_id=175&oauth2_token_id=57447761,16,ice spice video copyright free,False
4070180,https://player.vimeo.com/external/403877802.hd.mp4?s=ef92961d4db1a9dc8d86ccf08b9ab2b689fbab98&profile_id=174&oauth2_token_id=57447761,51,ice spice video copyright free,False
6466672,https://player.vimeo.com/external/499164317.hd.mp4?s=4235c00a9edc1d761c3c8b1184fcbf4e37b74c00&profile_id=172&oauth2_token_id=57447761,23,ice spice video copyright free,False
4613102,https://player.vimeo.com/external/427702632.hd.mp4?s=72b2aaf4511a9e8175e26550823e0bbceb743d6a&profile_id=170&oauth2_token_id=57447761,38,ice spice video copyright free,False
6650300,https://player.vimeo.com/external/506490064.hd.mp4?s=1019d901ef734f0ced59fcbf32dfb7fdbe86e205&profile_id=172&oauth2_token_id=57447761,30,ice spice video copyright free,False
6507082,https://player.vimeo.com/external/500919920.hd.mp4?s=f748952d7b0d0377b7bef4e950596c7f7dac84a4&profile_id=175&oauth2_token_id=57447761,22,ice spice video copyright free,False
7601421,https://player.vimeo.com/external/539816486.hd.mp4?s=aef878120402b3586d83472dd0b28a5a86e725bb&profile_id=175&oauth2_token_id=57447761,12,ice spice video copyright free,False
8676994,https://player.vimeo.com/external/572911406.hd.mp4?s=cfcf08ec44f98eb10680ae49951334b6d1ed6a4c&profile_id=172&oauth2_token_id=57447761,10,ice spice video copyright free,False
6620907,https://player.vimeo.com/external/505390200.hd.mp4?s=913ee59cc222bbb312401b0c7e1e882669b31cb4&profile_id=175&oauth2_token_id=57447761,4,ice spice video copyright free,False
8045845,https://player.vimeo.com/external/554409049.hd.mp4?s=d00409184c1d2bcb8a55b33cff2faf7676aa5fed&profile_id=175&oauth2_token_id=57447761,13,ice spice video copyright free,False
4835143,https://player.vimeo.com/external/436736842.hd.mp4?s=fd85355651a3c819b9654a83fccb40e975cbda6c&profile_id=172&oauth2_token_id=57447761,11,ice spice video copyright free,False
5537799,https://player.vimeo.com/external/465315567.hd.mp4?s=1f4d6fe1c7b103e831ac76be47e9d8927c700b97&profile_id=175&oauth2_token_id=57447761,28,ice spice video copyright free,False
7354246,https://player.vimeo.com/external/531874151.hd.mp4?s=15f5d18aefc965408ea1f1f7cb698c84264f987b&profile_id=172&oauth2_token_id=57447761,17,ice spice video copyright free,False
7608981,https://player.vimeo.com/external/540118403.hd.mp4?s=279ef76f30b1a988390679e3989223b46a7c8b1e&profile_id=175&oauth2_token_id=57447761,18,ice spice video copyright free,False
6503046,https://player.vimeo.com/external/500781797.hd.mp4?s=8bca7231f2ce39f13314e696a3e603b97dce6200&profile_id=175&oauth2_token_id=57447761,25,ice spice video copyright free,False
6129229,https://player.vimeo.com/external/488497951.hd.mp4?s=d7cc4e04ead59c7e1afde148f11d42bc20790b93&profile_id=175&oauth2_token_id=57447761,11,ice spice video copyright free,False
6740279,https://player.vimeo.com/external/509287831.hd.mp4?s=17f9ba0169e8c4c856588efe9a7267c0759c1e0a&profile_id=175&oauth2_token_id=57447761,22,ice spice video copyright free,False
4458632,https://player.vimeo.com/external/421584630.hd.mp4?s=cd4dd2b1ec48c65d7ce5d35a5f4f3eb6bff307e8&profile_id=175&oauth2_token_id=57447761,10,ice spice video copyright free,False
6507466,https://player.vimeo.com/external/500943337.hd.mp4?s=6b7074bdcc66dba932f9f167efee915b494ca6e3&profile_id=175&oauth2_token_id=57447761,28,ice spice video copyright free,False
8676959,https://player.vimeo.com/external/572911109.hd.mp4?s=fe7fd85886179e309daa728da863b4e32b296ad8&profile_id=172&oauth2_token_id=57447761,11,ice spice video copyright free,False
6421457,https://player.vimeo.com/external/497758098.hd.mp4?s=9a821ecd3af4b1a4ea50ab0b50c7ce75c58cb8d1&profile_id=173&oauth2_token_id=57447761,13,ice spice video copyright free,False
6503183,https://player.vimeo.com/external/500789538.hd.mp4?s=2e603d235bfea9286e1048e9b3506001d61723be&profile_id=175&oauth2_token_id=57447761,21,ice spice video copyright free,False
6507471,https://player.vimeo.com/external/500943074.hd.mp4?s=056d840d6717ea474ac209d1a82736cdf2f504ec&profile_id=175&oauth2_token_id=57447761,13,ice spice video copyright free,False
6507494,https://player.vimeo.com/external/500944946.hd.mp4?s=d968ed34dacf8432c2e0a3af24fba3ff5b60db63&profile_id=175&oauth2_token_id=57447761,21,ice spice video copyright free,False
7235787,https://player.vimeo.com/external/527808481.hd.mp4?s=fa173f11b0f11423d490f2e431575cfcf6496da1&profile_id=173&oauth2_token_id=57447761,15,ice spice video copyright free,False
3078546,https://player.vimeo.com/external/366251403.hd.mp4?s=c330ba5c6e2dae847439b621120bdb621aacc221&profile_id=175&oauth2_token_id=57447761,11,ice spice video copyright free,False
6894444,https://player.vimeo.com/external/514617221.hd.mp4?s=74cbfa48f6dd6ad69bedcf02db824e4e6da46d19&profile_id=173&oauth2_token_id=57447761,8,ice spice video copyright free,False
9946641,https://player.vimeo.com/external/635683811.hd.mp4?s=e58a7a29dea90a0139bd1a94758dcc0a9c9a4c7d&profile_id=175&oauth2_token_id=57447761,19,calm beach video copyright free,False
5348515,https://player.vimeo.com/external/457394601.hd.mp4?s=faca7175eee571f73f0cb247717bee683aa6450b&profile_id=175&oauth2_token_id=57447761,16,calm beach video copyright free,False
5066975,https://player.vimeo.com/external/446181080.hd.mp4?s=6fd6be3b16507d5d852aab52c4fa894096e6a17d&profile_id=175&oauth2_token_id=57447761,10,calm beach video copyright free,False
5690133,https://player.vimeo.com/external/471856883.hd.mp4?s=9e9846a5be36245f66d4846981db8f9431c3d21e&profile_id=175&oauth2_token_id=57447761,13,calm beach video copyright free,False
5487546,https://player.vimeo.com/external/463567339.hd.mp4?s=534f2718331fec5a235585124f11cd44bf231b5c&profile_id=175&oauth2_token_id=57447761,6,calm beach video copyright free,False
3191576,https://player.vimeo.com/external/371572588.hd.mp4?s=f74c4b7e6ec921bfc2aed74cfd5609c75f17ecb2&profile_id=172&oauth2_token_id=57447761,25,stock,True
6799742,https://player.vimeo.com/external/511524889.hd.mp4?s=0339bf3209ddae52fc8027c3d75459e6e2dac3a0&profile_id=172&oauth2_token_id=57447761,11,stock,False
2745883,https://player.vimeo.com/external/351551389.hd.mp4?s=362e4f51cdb780abf5df047aa130e4b114e17471&profile_id=175&oauth2_token_id=57447761,39,stock,False
2016731,https://player.vimeo.com/external/323710977.hd.mp4?s=ced2de3964a9e6edff98d197f4772eac7cab2ef8&profile_id=175&oauth2_token_id=57447761,14,stock,False
6799669,https://player.vimeo.com/external/511524857.hd.mp4?s=3547bf8098b785c0c58646e5001d534311e4bdb4&profile_id=172&oauth2_token_id=57447761,9,stock,False
6794223,https://player.vimeo.com/external/511523275.hd.mp4?s=9ed49bd16797067107084d5babb959991ac2f422&profile_id=172&oauth2_token_id=57447761,9,stock,False
6799666,https://player.vimeo.com/external/511524862.hd.mp4?s=3ecb34458d386b2a4bb2660875afb7b062b07787&profile_id=172&oauth2_token_id=57447761,16,stock,False
2849947,https://player.vimeo.com/external/355988470.hd.mp4?s=3746bde7b706f9a1f77e2424f39ae5b7801b15b0&profile_id=172&oauth2_token_id=57447761,18,stock,False
4370833,https://player.vimeo.com/external/416928233.hd.mp4?s=a25c00904e4c0b975fcff8500a06e68a7d4e60f7&profile_id=171&oauth2_token_id=57447761,35,stock,False
992601,https://player.vimeo.com/external/263604211.hd.mp4?s=8456ef856c7503c4f28e9016571d080ad4250523&profile_id=175&oauth2_token_id=57447761,25,stock,False
3996903,https://player.vimeo.com/external/400196908.hd.mp4?s=b8ed2c53678f961df0031d1daa63b84d655cec93&profile_id=173&oauth2_token_id=57447761,21,stock,False
6799753,https://player.vimeo.com/external/511524887.hd.mp4?s=f2820460967f52c0adf5093432e36b685042c9ac&profile_id=172&oauth2_token_id=57447761,11,stock,False
2016738,https://player.vimeo.com/external/323710991.hd.mp4?s=f36f5553b7074fe2fffeaba95c24f23b810d28d0&profile_id=175&oauth2_token_id=57447761,10,stock,False
4115295,https://player.vimeo.com/external/406088817.hd.mp4?s=b2bbb447d7a2f322dbb7c01601f40ab6e8b2e05e&profile_id=173&oauth2_token_id=57447761,15,stock,False
6799744,https://player.vimeo.com/external/511524890.hd.mp4?s=b4d0077f72975a07ea6d47143bc7062710f19d56&profile_id=172&oauth2_token_id=57447761,12,stock,False
6799748,https://player.vimeo.com/external/511524878.hd.mp4?s=e0c99ce4200f350f72d8606d1d65ef747c11d4ec&profile_id=172&oauth2_token_id=57447761,9,stock,False
4990233,https://player.vimeo.com/external/443161819.hd.mp4?s=706a072f5ea8bd3317be317d3ceebada32bde6b0&profile_id=175&oauth2_token_id=57447761,10,stock,False
4990242,https://player.vimeo.com/external/443162071.hd.mp4?s=b69ed56063f51c815199a8add181a39ab0cd06f4&profile_id=175&oauth2_token_id=57447761,10,stock,False
5726124,https://player.vimeo.com/external/473190632.hd.mp4?s=e2fbf4709dcbfce1ca6271c46c8f5b980dd72426&profile_id=172&oauth2_token_id=57447761,15,stock,False
1586214,https://player.vimeo.com/external/300221810.hd.mp4?s=d2865f4b19b2fc59dfcfa65640cb841223faecd5&profile_id=172&oauth2_token_id=57447761,11,stock,False
4319342,https://player.vimeo.com/external/414939032.hd.mp4?s=5bddc0fea38574889ff2fbd07c150ea843681a5c&profile_id=175&oauth2_token_id=57447761,10,stock,False
3691102,https://player.vimeo.com/external/389642998.hd.mp4?s=e32efe5e02de576e105e69e4ba288ca5ea5b9360&profile_id=172&oauth2_token_id=57447761,30,stock,False
4990245,https://player.vimeo.com/external/443162214.hd.mp4?s=2b58eb5ae33e6c9715378b2f9f338f6b881ba92a&profile_id=175&oauth2_token_id=57447761,10,stock,False
4990241,https://player.vimeo.com/external/443162032.hd.mp4?s=ef6c3bb7cb589b14d131b1104b2ea95375194264&profile_id=175&oauth2_token_id=57447761,10,stock,False
4990244,https://player.vimeo.com/external/443162164.hd.mp4?s=820b8ce1bf200d48910e58d1697c1cb6e424c999&profile_id=175&oauth2_token_id=57447761,10,stock,False
4990235,https://player.vimeo.com/external/443161735.hd.mp4?s=d233d1228723e2e5dc1e89d670a836d8154a60d0&profile_id=175&oauth2_token_id=57447761,10,stock,False
4990236,https://player.vimeo.com/external/443162178.hd.mp4?s=c89d59527b18c6109caed196631ffb54abdb243d&profile_id=175&oauth2_token_id=57447761,10,stock,False
4990238,https://player.vimeo.com/external/443161844.hd.mp4?s=68c54bf59dc6a2efa821607237c967f62f6f7e45&profile_id=175&oauth2_token_id=57447761,10,stock,False
4990250,https://player.vimeo.com/external/443162314.hd.mp4?s=018953d699ffa500e1426252f59cff2f97c9ee92&profile_id=175&oauth2_token_id=57447761,10,stock,False
4990247,https://player.vimeo.com/external/443161891.hd.mp4?s=5fa3c762a9418b1cdaf790880b8f7e5af9b7c128&profile_id=175&oauth2_token_id=57447761,10,stock,False
7669201,https://player.vimeo.com/external/542073476.hd.mp4?s=e1bd3380ccab83533b484c828a7aac6856dea203&profile_id=172&oauth2_token_id=57447761,5,stock,False
4990234,https://player.vimeo.com/external/443161792.hd.mp4?s=35e016f93824d1f0a817d3e8f017676accc1de06&profile_id=175&oauth2_token_id=57447761,10,stock,False
4990239,https://player.vimeo.com/external/443161882.hd.mp4?s=c99b0ac888ce284cadb1419bf44286568705b0d9&profile_id=175&oauth2_token_id=57447761,10,stock,False
4990246,https://player.vimeo.com/external/443162020.hd.mp4?s=701c53e1b9bef7873e8184fb8bfd2aa1a4c98028&profile_id=175&oauth2_token_id=57447761,10,stock,False
4990232,https://player.vimeo.com/external/443161818.hd.mp4?s=8bfaa93f3c890ef0cdbe45a1171d2ff6781e96ca&profile_id=175&oauth2_token_id=57447761,10,stock,False
6794226,https://player.vimeo.com/external/511523269.hd.mp4?s=608a044c2fe5664d8b3e97ce3210dd673a0e4c83&profile_id=172&oauth2_token_id=57447761,17,stock,False
7680438,https://player.vimeo.com/external/542293219.hd.mp4?s=bbd6c6fbaac8a619a210ce45d6615d9355b6caf4&profile_id=172&oauth2_token_id=57447761,26,stock,False
4990251,https://player.vimeo.com/external/443162419.hd.mp4?s=ef23c1e2c8b940fe66899e30921fe95ddba4cbcc&profile_id=175&oauth2_token_id=57447761,10,stock,False
4990248,https://player.vimeo.com/external/443162401.hd.mp4?s=704d210c53db91518884c550843fffdfbbe7b4a2&profile_id=175&oauth2_token_id=57447761,10,stock,False
7679427,https://player.vimeo.com/external/542276664.hd.mp4?s=9611cdbbd7f6e46a8e9df74426abebd2cbe83e92&profile_id=172&oauth2_token_id=57447761,46,stock,False
4990252,https://player.vimeo.com/external/443162293.hd.mp4?s=099d314889e7c1dec52c73527d36a29a99c2403f&profile_id=175&oauth2_token_id=57447761,10,stock,False
4990249,https://player.vimeo.com/external/443162220.hd.mp4?s=796ca3bfc317ea32c7717db73cd5991e1917e982&profile_id=175&oauth2_token_id=57447761,10,stock,False
5757791,https://player.vimeo.com/external/474359755.hd.mp4?s=be8fcaab60f3b2d2cd935a40574f140b3082c8d2&profile_id=172&oauth2_token_id=57447761,13,stock,False
6825961,https://player.vimeo.com/external/512284420.hd.mp4?s=23052f3ce718bfca5295985c210cda2df620bc7e&profile_id=172&oauth2_token_id=57447761,48,stock,False
7568747,https://player.vimeo.com/external/538665406.hd.mp4?s=b5f02c04cbbee87eb774e4944ba25297f5c9cc23&profile_id=175&oauth2_token_id=57447761,10,stock,False
5487789,https://player.vimeo.com/external/463585533.hd.mp4?s=3810f66ef7e2321954032cf361ca96cbe720c80d&profile_id=175&oauth2_token_id=57447761,35,stock,False
4990237,https://player.vimeo.com/external/443161697.hd.mp4?s=b813bfd36e861d1b4a23b6052708d1c50ace67bc&profile_id=175&oauth2_token_id=57447761,10,stock,False
5917823,https://player.vimeo.com/external/480668034.hd.mp4?s=635c20e36263051e212bf897435a1965b3f948b0&profile_id=172&oauth2_token_id=57447761,14,stock,False
7680115,https://player.vimeo.com/external/542286835.hd.mp4?s=b73d9336703accb4bab5f44384ca23d0b999a1b9&profile_id=172&oauth2_token_id=57447761,26,stock,False
5726127,https://player.vimeo.com/external/473191183.hd.mp4?s=1a63c11b10b3eb46cd8f435505ead1d1bdadcfa0&profile_id=172&oauth2_token_id=57447761,12,stock,False
5726128,https://player.vimeo.com/external/473190727.hd.mp4?s=4dd50b464d1ddbb83cae16b39590ac0cbb411592&profile_id=172&oauth2_token_id=57447761,10,stock,False
6794227,https://player.vimeo.com/external/511523267.hd.mp4?s=440f4000bf03074cdfb6baf70d66a03ed6ab26c5&profile_id=172&oauth2_token_id=57447761,11,stock,False
7679422,https://player.vimeo.com/external/542274296.hd.mp4?s=e3b076f6c9b52156c6238022906c3ec27db2b6ae&profile_id=172&oauth2_token_id=57447761,28,stock,False
7669189,https://player.vimeo.com/external/542072210.hd.mp4?s=e51e3c73f3c1c9a833c9c424e5d069921dcf72de&profile_id=172&oauth2_token_id=57447761,14,stock,False
4990240,https://player.vimeo.com/external/443161890.hd.mp4?s=6fc43ec9ab1ebe8d777cd52f7ef8c9ad3922e955&profile_id=175&oauth2_token_id=57447761,10,stock,False
4983686,https://player.vimeo.com/external/442837984.hd.mp4?s=54076c5f19bcb3233e03a846e1f563a6720d25c8&profile_id=175&oauth2_token_id=57447761,16,stock,False
5726130,https://player.vimeo.com/external/473190451.hd.mp4?s=84523d4a731ff379750b69410ab73b608e29031f&profile_id=172&oauth2_token_id=57447761,9,stock,False
4791196,https://player.vimeo.com/external/435136792.hd.mp4?s=9bca36611231e4e0c58f43e7e6d42257d9febfb2&profile_id=175&oauth2_token_id=57447761,116,stock,False
7667423,https://player.vimeo.com/external/542004485.hd.mp4?s=43a4835b5f759fd6f18f83392a350c6a09040925&profile_id=172&oauth2_token_id=57447761,18,stock,False
8027657,https://player.vimeo.com/external/554033396.hd.mp4?s=de41d4f657b6d4609720218a118405cf30b3b9a5&profile_id=175&oauth2_token_id=57447761,15,stock,False
5757789,https://player.vimeo.com/external/474359723.hd.mp4?s=d0b853fb59fedeea5a0b2f7f1fdd1ea944be5ec1&profile_id=172&oauth2_token_id=57447761,6,stock,False
6194507,https://player.vimeo.com/external/491211281.hd.mp4?s=bc15cce0ccab901f841035076f66d35acb81a774&profile_id=172&oauth2_token_id=57447761,19,stock,False
3929080,https://player.vimeo.com/external/397530468.hd.mp4?s=e48f9e7f7db0b80bf346b61a8091d74ef2224a3c&profile_id=175&oauth2_token_id=57447761,13,stock,False
7265905,https://player.vimeo.com/external/529306325.hd.mp4?s=9b73bab7e500f56ad750175a233c5a311ebcfccd&profile_id=172&oauth2_token_id=57447761,33,stock,False
7265907,https://player.vimeo.com/external/529306360.hd.mp4?s=663226a99dcbcf940784324b30f53a3e3470fb74&profile_id=172&oauth2_token_id=57447761,14,stock,False
7667428,https://player.vimeo.com/external/542007841.hd.mp4?s=7f9fbcd8922a7b222be5f3b0886affa4943a574f&profile_id=172&oauth2_token_id=57447761,20,stock,False
6827347,https://player.vimeo.com/external/512312161.hd.mp4?s=642bd4f54d638628d66575f15a3a1171607b9fc2&profile_id=172&oauth2_token_id=57447761,22,stock,False
5537825,https://player.vimeo.com/external/465316555.hd.mp4?s=30aee633482c62dd8137dc8962e3b62138d0b76a&profile_id=172&oauth2_token_id=57447761,20,stock,False
3304282,https://player.vimeo.com/external/376402807.hd.mp4?s=5addb2f2e5b4b171f53ab8555823b049e6b7e0b2&profile_id=172&oauth2_token_id=57447761,3,stock,False
7265903,https://player.vimeo.com/external/529306441.hd.mp4?s=b965ef3ce9f79024eddc72b203e9c41d058a89b9&profile_id=172&oauth2_token_id=57447761,45,stock,False
7667417,https://player.vimeo.com/external/542005386.hd.mp4?s=e8d0c4a879211f046cd2da35d8f154f446deb9da&profile_id=172&oauth2_token_id=57447761,19,stock,False
7679838,https://player.vimeo.com/external/542280769.hd.mp4?s=514ce7d5ea382d7369a4a0f7a0e77ec09720a65f&profile_id=172&oauth2_token_id=57447761,37,stock,False
7668407,https://player.vimeo.com/external/542040012.hd.mp4?s=d7fb1e9a25769b2f5769f52f41652e4552f5907c&profile_id=172&oauth2_token_id=57447761,15,stock,False
7668409,https://player.vimeo.com/external/542045043.hd.mp4?s=19b1ed3fd45e83a3594d5968cf2dd2ba037c6625&profile_id=172&oauth2_token_id=57447761,16,stock,False
5537649,https://player.vimeo.com/external/465308686.hd.mp4?s=a7ff1e4dd062b045d846828e9056ebc32f036582&profile_id=175&oauth2_token_id=57447761,11,stock,False
4328578,https://player.vimeo.com/external/415279533.hd.mp4?s=f687a97c6656f2c50249a3d641ca9b8998dcad4a&profile_id=172&oauth2_token_id=57447761,7,stock,False
2932297,https://player.vimeo.com/external/359643110.hd.mp4?s=3ab7c14e8d938f7157725e6948715da1bea5fc49&profile_id=172&oauth2_token_id=57447761,19,stock,False
6121378,https://player.vimeo.com/external/488295040.hd.mp4?s=066714c196548d9f5e4e9b13e3c1a0babb3a2878&profile_id=172&oauth2_token_id=57447761,19,stock,False
7265898,https://player.vimeo.com/external/529305962.hd.mp4?s=d1a2f97cfa21e89df704d577bc5cbd6f2599f5ac&profile_id=172&oauth2_token_id=57447761,18,stock,False
7265899,https://player.vimeo.com/external/529306326.hd.mp4?s=9d486e33544872a0544a0d26c6ee0cf5a880d7f5&profile_id=172&oauth2_token_id=57447761,38,stock,False
6699964,https://player.vimeo.com/external/507872134.hd.mp4?s=cee665b6b1b7e858f10859ce25be7ac1c88fc604&profile_id=175&oauth2_token_id=57447761,12,Law,True
2017432,https://player.vimeo.com/external/323788170.hd.mp4?s=2038ebbcbd405b724945a9c92deaf902c9819a48&profile_id=175&oauth2_token_id=57447761,16,Law,False
5636977,https://player.vimeo.com/external/469648174.hd.mp4?s=c4894ca5537d1379f2f3e037acee77aae2d9063b&profile_id=172&oauth2_token_id=57447761,10,Law,False
4479793,https://player.vimeo.com/external/422370096.hd.mp4?s=4fab47cfc3a5321a37aad4ec3b121fd07d5ca6eb&profile_id=173&oauth2_token_id=57447761,8,Law,False
4478887,https://player.vimeo.com/external/422359647.hd.mp4?s=f180234d015d50592715092adfcb4b5e9df424a9&profile_id=172&oauth2_token_id=57447761,11,Law,False
4479791,https://player.vimeo.com/external/422371361.hd.mp4?s=518e21588bacdb26a33d182409ab9c5315ee9927&profile_id=172&oauth2_token_id=57447761,12,Law,False
4479792,https://player.vimeo.com/external/422371563.hd.mp4?s=150d399fd6c3fa020d504066a048d0eef3ded4dc&profile_id=172&oauth2_token_id=57447761,15,Law,False
8731441,https://player.vimeo.com/external/574377059.hd.mp4?s=0755caf8c4890a74d66ae12ae2d903511f3bd7a9&profile_id=175&oauth2_token_id=57447761,14,Law,False
5519999,https://player.vimeo.com/external/464691784.hd.mp4?s=4b85ffef7037a6be37e69f53668fe14cd06899f0&profile_id=172&oauth2_token_id=57447761,7,Law,False
6101361,https://player.vimeo.com/external/487754958.hd.mp4?s=7c76e938f27c383f51e2bd5f31e10feb4659773a&profile_id=172&oauth2_token_id=57447761,15,Law,False
5311423,https://player.vimeo.com/external/455824109.hd.mp4?s=d46ce5c462a4c65453fdbfd77317997e8fb28d7e&profile_id=175&oauth2_token_id=57447761,17,Law,False
5637271,https://player.vimeo.com/external/469662244.hd.mp4?s=bcacf7bdbbd1b170034efbad59057bf6d0ce81d8&profile_id=172&oauth2_token_id=57447761,10,Law,False
5637951,https://player.vimeo.com/external/544613869.hd.mp4?s=562b7516a6da0e6461699a7f578fd50afb28f756&profile_id=172&oauth2_token_id=57447761,9,Law,False
5637947,https://player.vimeo.com/external/544613546.hd.mp4?s=ef00be91a754835d10eff7055cc41cead5e3bf55&profile_id=172&oauth2_token_id=57447761,10,Law,False
5520073,https://player.vimeo.com/external/464694628.hd.mp4?s=07f21fc38d2a2a70b8c769d6f799c0c5d4dcc198&profile_id=172&oauth2_token_id=57447761,14,Law,False
4913518,https://player.vimeo.com/external/440115892.hd.mp4?s=7f0c976b56e89dcf141c858a56a257734b8fb2a6&profile_id=175&oauth2_token_id=57447761,8,Law,False
4475911,https://player.vimeo.com/external/422223803.hd.mp4?s=319d9aa5a32b79573e3ab61d100b68cf781f9c4a&profile_id=173&oauth2_token_id=57447761,8,Law,False
5311282,https://player.vimeo.com/external/455818574.hd.mp4?s=00fb86f9e9aaf0fca63e9a260699c74ca87b5f23&profile_id=175&oauth2_token_id=57447761,7,Law,False
4475910,https://player.vimeo.com/external/422221572.hd.mp4?s=074733df2c76fb0e020edcb2ca1a3983e8995112&profile_id=172&oauth2_token_id=57447761,10,Law,False
6101349,https://player.vimeo.com/external/487751158.hd.mp4?s=a395cca9d2fd03f36d7a49e29948e90e547c0652&profile_id=172&oauth2_token_id=57447761,20,Law,False
4771231,https://player.vimeo.com/external/434415697.hd.mp4?s=11b4164fb5c3d0879678a44c01ff4eb42d42bf51&profile_id=172&oauth2_token_id=57447761,10,Law,False
7841874,https://player.vimeo.com/external/547253925.hd.mp4?s=3f95011408e59b5b937aec2b11ab8c8d924ec6cb&profile_id=175&oauth2_token_id=57447761,8,Law,False
8731388,https://player.vimeo.com/external/574375723.hd.mp4?s=6a355ae920209c55ee0d4875d1ca2944e3e47b1d&profile_id=175&oauth2_token_id=57447761,9,Law,False
6599402,https://player.vimeo.com/external/504568057.hd.mp4?s=587f77490e9916463380bf088dd87825b9b73a3b&profile_id=175&oauth2_token_id=57447761,16,Law,False
6266657,https://player.vimeo.com/external/493901512.hd.mp4?s=41f1f92f12c80caf43ed2defbd7ba3dbf6ddb57c&profile_id=172&oauth2_token_id=57447761,7,Law,False
8731439,https://player.vimeo.com/external/574377060.hd.mp4?s=7736df739ba03c3c471c1858141fc964168647b1&profile_id=175&oauth2_token_id=57447761,13,Law,False
6266751,https://player.vimeo.com/external/493903179.hd.mp4?s=b211d4e57623acfe8d162f3e04bdfd09b62b3835&profile_id=172&oauth2_token_id=57447761,9,Law,False
5311250,https://player.vimeo.com/external/455815741.hd.mp4?s=ca921962a39e176a754d17a0c0214037a8297070&profile_id=175&oauth2_token_id=57447761,12,Law,False
8061750,https://player.vimeo.com/external/554832832.hd.mp4?s=b7c0d2f3231776d42fda6a1a44b9ea7d64f4e9fe&profile_id=172&oauth2_token_id=57447761,8,Law,False
7841650,https://player.vimeo.com/external/547249040.hd.mp4?s=f3894e7d6d262792809f6f88c1dd40bccb2760de&profile_id=175&oauth2_token_id=57447761,5,Law,False
5311415,https://player.vimeo.com/external/455824110.hd.mp4?s=a9a108f50d5f5d79d478cf198568482d2180c0df&profile_id=175&oauth2_token_id=57447761,25,Law,False
6124705,https://player.vimeo.com/external/488383522.hd.mp4?s=d967a6ae63331480167181657aa7196f9526a7e4&profile_id=175&oauth2_token_id=57447761,8,Law,False
8061377,https://player.vimeo.com/external/554820255.hd.mp4?s=1e29e86d05e7f21a001ff42499234f1b1e8daacc&profile_id=172&oauth2_token_id=57447761,17,Law,False
6101336,https://player.vimeo.com/external/487751063.hd.mp4?s=02deafa1d0a7dd20a0339d52e6fa8ba4b03353ae&profile_id=172&oauth2_token_id=57447761,29,Law,False
5311252,https://player.vimeo.com/external/455815880.hd.mp4?s=7b121f4687f5a36c92f32e5235787a8c856a77ff&profile_id=175&oauth2_token_id=57447761,14,Law,False
6101334,https://player.vimeo.com/external/487751053.hd.mp4?s=4bcac41783637b6ad1dbc89572ae982ae5d79443&profile_id=172&oauth2_token_id=57447761,18,Law,False
5637269,https://player.vimeo.com/external/469662247.hd.mp4?s=888564ad51756977e0389602475576784e9add14&profile_id=172&oauth2_token_id=57447761,15,Law,False
7841867,https://player.vimeo.com/external/547253719.hd.mp4?s=5a10714c1e0b037bcf7c0c18f1378dff39afdbb4&profile_id=175&oauth2_token_id=57447761,8,Law,False
8731590,https://player.vimeo.com/external/574380930.hd.mp4?s=c1c1b8fa61ef29136f3d859e61f9201e58429e90&profile_id=175&oauth2_token_id=57447761,11,Law,False
4477799,https://player.vimeo.com/external/422305458.hd.mp4?s=a53de15cd9ee45ea9ee9984521f5805d5b60f682&profile_id=172&oauth2_token_id=57447761,9,Law,False
7841608,https://player.vimeo.com/external/547248465.hd.mp4?s=578147371e4bee5e44b300d4c4763c82e614181d&profile_id=175&oauth2_token_id=57447761,8,Law,False
7841584,https://player.vimeo.com/external/547248201.hd.mp4?s=82f2a56b55e0173ae6ced77f1f49d4ef67c212a8&profile_id=175&oauth2_token_id=57447761,9,Law,False
7841640,https://player.vimeo.com/external/547249136.hd.mp4?s=90b843f7c606932c0246d61fbef9cbfe34b2346d&profile_id=175&oauth2_token_id=57447761,10,Law,False
8731589,https://player.vimeo.com/external/574380959.hd.mp4?s=3899a79fcfaa9ef9dd066f4622d956d8fe28e2bc&profile_id=175&oauth2_token_id=57447761,11,Law,False
7841863,https://player.vimeo.com/external/547253842.hd.mp4?s=46241e4905f4175c6f7abb0266e734546d7eeedf&profile_id=175&oauth2_token_id=57447761,15,Law,False
8061836,https://player.vimeo.com/external/554834596.hd.mp4?s=d1e320079971389b42f2473e4f3a884f7949eaf6&profile_id=172&oauth2_token_id=57447761,16,Law,False
6863130,https://player.vimeo.com/external/513805946.hd.mp4?s=ac09a86a1a439a63ab55aa3b4761da6ecd81bd7d&profile_id=175&oauth2_token_id=57447761,17,Law,False
8061743,https://player.vimeo.com/external/554833691.hd.mp4?s=94e3e021a2a74e57fafaa4154f390fad4c4133b9&profile_id=172&oauth2_token_id=57447761,19,Law,False
7841663,https://player.vimeo.com/external/547249565.hd.mp4?s=b36a308f6d5e0ceed3092ee6648d74e242345ea5&profile_id=175&oauth2_token_id=57447761,15,Law,False
7841870,https://player.vimeo.com/external/547253926.hd.mp4?s=6c6f449a8893cafe5a7f5242c7d7d194fc7bff2e&profile_id=175&oauth2_token_id=57447761,7,Law,False
8731557,https://player.vimeo.com/external/574380298.hd.mp4?s=8cbd4d823c2423da14c019ef871cc1a6ebb0adff&profile_id=175&oauth2_token_id=57447761,10,Law,False
4475738,https://player.vimeo.com/external/422215716.hd.mp4?s=40edf5e87c8d249b3a3ea77e7f044eba4c7090f4&profile_id=173&oauth2_token_id=57447761,12,Law,False
6863131,https://player.vimeo.com/external/513805915.hd.mp4?s=2662eccf56b3c206d6c379ae6c5142f91c786a62&profile_id=175&oauth2_token_id=57447761,6,Law,False
7247866,https://player.vimeo.com/external/528461621.hd.mp4?s=d6bb93d5316f05dc7e53bf4599cff64e422659a6&profile_id=175&oauth2_token_id=57447761,10,Law,False
8135024,https://player.vimeo.com/external/556940115.hd.mp4?s=abd5dfc269475aab3a04c2ddf89bf09778896cc6&profile_id=172&oauth2_token_id=57447761,13,Law,False
7841702,https://player.vimeo.com/external/547249723.hd.mp4?s=4b6ce8784969acf508557e5ed69d5abb1a5b6613&profile_id=175&oauth2_token_id=57447761,6,Law,False
7841859,https://player.vimeo.com/external/547253718.hd.mp4?s=339d445459cbd9130b52205cfbb613a5bff2bfae&profile_id=175&oauth2_token_id=57447761,8,Law,False
7841705,https://player.vimeo.com/external/547249839.hd.mp4?s=fd736195c3a677e810d8567de6a53d2fe4faa14a&profile_id=175&oauth2_token_id=57447761,16,Law,False
7464148,https://player.vimeo.com/external/535302440.hd.mp4?s=0ce36dad189f46eef34d20b0b351db8c8248ea96&profile_id=175&oauth2_token_id=57447761,9,Law,False
7714014,https://player.vimeo.com/external/543485277.hd.mp4?s=938a221cce7f314d91157b45fe5db3d941518068&profile_id=172&oauth2_token_id=57447761,13,Law,False
8061611,https://player.vimeo.com/external/554829219.hd.mp4?s=2f36266ddcb38f1031783ccb7a22fcf4f62edb7d&profile_id=172&oauth2_token_id=57447761,23,Law,False
5311276,https://player.vimeo.com/external/455818884.hd.mp4?s=75a9f8cac1e5e7cb9bd4adf21236f4a8742abf2c&profile_id=175&oauth2_token_id=57447761,23,Law,False
7784756,https://player.vimeo.com/external/545261506.hd.mp4?s=2033c09bf3e24c4053177e0cc020c551e59f435f&profile_id=172&oauth2_token_id=57447761,10,Law,False
6863295,https://player.vimeo.com/external/513810491.hd.mp4?s=853add31475a2bfef743d8bf3292acc8815e2c61&profile_id=175&oauth2_token_id=57447761,12,Law,False
8135942,https://player.vimeo.com/external/556957573.hd.mp4?s=c33e91b45b324f69235b94b97b7a321849b47dd6&profile_id=172&oauth2_token_id=57447761,14,Law,False
5311357,https://player.vimeo.com/external/455820928.hd.mp4?s=740351c12836b9170cb5c2644927d929c20ff214&profile_id=175&oauth2_token_id=57447761,20,Law,False
8731563,https://player.vimeo.com/external/574380335.hd.mp4?s=99731864665db6f2b2ef725767925d15d096bf67&profile_id=175&oauth2_token_id=57447761,12,Law,False
7841633,https://player.vimeo.com/external/547248899.hd.mp4?s=5555ffda53c85309de512b4c2b4ce51d60f5de3f&profile_id=175&oauth2_token_id=57447761,15,Law,False
7841652,https://player.vimeo.com/external/547249212.hd.mp4?s=b369f88cf260192f9a13480163353310bb930522&profile_id=175&oauth2_token_id=57447761,8,Law,False
6101342,https://player.vimeo.com/external/487751078.hd.mp4?s=4938847c6e487e72686d45fa48501319af82c5ba&profile_id=172&oauth2_token_id=57447761,12,Law,False
8061751,https://player.vimeo.com/external/554833905.hd.mp4?s=e3c09d192fdff00d3946aedfe12c6bd796a5c0c6&profile_id=172&oauth2_token_id=57447761,15,Law,False
8731440,https://player.vimeo.com/external/574376994.hd.mp4?s=5162d795837068790fe630064dca9117a9f65ac8&profile_id=175&oauth2_token_id=57447761,19,Law,False
5311249,https://player.vimeo.com/external/455815843.hd.mp4?s=71966c29f233f218feceb0e97102321e8f5f67f5&profile_id=175&oauth2_token_id=57447761,19,Law,False
8061658,https://player.vimeo.com/external/554829910.hd.mp4?s=d0c1825e94bbf56697f201a3411b80f054826164&profile_id=172&oauth2_token_id=57447761,19,Law,False
8061669,https://player.vimeo.com/external/554830382.hd.mp4?s=3d7f73132c0bac57e7484ee6462d9c20871301d5&profile_id=172&oauth2_token_id=57447761,27,Law,False
8061745,https://player.vimeo.com/external/554832424.hd.mp4?s=7f08926cc4f33197ac4478402c8d7347b7813bb1&profile_id=172&oauth2_token_id=57447761,9,Law,False
8061604,https://player.vimeo.com/external/554826927.hd.mp4?s=76974fed600f30a266697ccc61a162a63e7446d2&profile_id=172&oauth2_token_id=57447761,12,Law,False
8135578,https://player.vimeo.com/external/556947606.hd.mp4?s=a769b5bdf98b8183a09f5984fa3b6abe23cc12b8&profile_id=172&oauth2_token_id=57447761,12,Law,False
8135579,https://player.vimeo.com/external/556948928.hd.mp4?s=499f5aa9e98b8521a713068f679786470361077c&profile_id=172&oauth2_token_id=57447761,46,Law,False
7841587,https://player.vimeo.com/external/547248282.hd.mp4?s=7636882a5e5af96fea249f64e4beaa4a981aab6c&profile_id=175&oauth2_token_id=57447761,8,Law,False
